Title,Authors,Abstract,Date
,"Hajung Kim,Chanhwi Kim,Jiwoong Sohn,Tim Beck,Marek Rei,Sunkyu Kim,T Ian Simpson,Joram M Posma,Antoine Lain,Mujeen Sung,Jaewoo Kang",,
,"Md Sultan Al Nahian,Tasmia Tasrin,Spencer Frazier,Mark Riedl,Brent Harrison",,
,"Fengli Xu,Qianyue Hao,Zefang Zong,Jingwei Wang,Yunke Zhang,Jingyi Wang,Xiaochong Lan,Jiahui Gong,Tianjian Ouyang,Fanjin Meng,Chenyang Shao,Yuwei Yan,Qinglong Yang,Yiwen Song,Sijian Ren,Xinyuan Hu,Yu Li,Jie Feng,Chen Gao,Yong Li",,
,"Masatoshi Uehara,Yulai Zhao,Chenyu Wang,Xiner Li,Aviv Regev,Sergey Levine,Tommaso Biancalani",,
,"Lorenzo Bonanni,Daniele Meli,Alberto Castellini,Alessandro Farinelli",,
,"Nathaniel S. Keplinger,Baiting Luo,Iliyas Bektas,Yunuo Zhang,Kyle Hollins Wray,Aron Laszka,Abhishek Dubey,Ayan Mukhopadhyay",,
,"Johannes Kirmayr,Lukas Stappen,Phillip Schneider,Florian Matthes,Elisabeth André",,
,"Muhammet Alkan,Hester Huijsdens,Yola Jones,Fani Deligianni",,
,"Stefan Panjkovic,Alessandro Cimatti,Andrea Micheli,Stefano Tonetta",,
,"Muhammet Alkan,Idris Zakariyya,Samuel Leighton,Kaushik Bhargav Sivangi,Christos Anagnostopoulos,Fani Deligianni",,
,"Çiçek Güven,Afra Alishahi,Henry Brighton,Gonzalo Nápoles,Juan Sebastian Olier,Marie Šafář,Eric Postma,Dimitar Shterionov,Mirella De Sisto,Eva Vanmassenhove",,
,"Huandong Wang,Wenjie Fu,Yingzhou Tang,Zhilong Chen,Yuxi Huang,Jinghua Piao,Chen Gao,Fengli Xu,Tao Jiang,Yong Li",,
,"Yiming Liang,Tianyu Zheng,Xinrun Du,Ge Zhang,Xingwei Qu,Xiang Yue,Chujie Zheng,Jiaheng Liu,Lei Ma,Wenhu Chen,Guoyin Wang,Zhaoxiang Zhang,Wenhao Huang,Jiajun Zhang",,
,"Saptarashmi Bandyopadhyay,Vikas Bahirwani,Lavisha Aggarwal,Bhanu Guda,Lin Li,Andrea Colaco",,
,"Anbang Ye,Qianran Ma,Jia Chen,Muqi Li,Tong Li,Fujiao Liu,Siqi Mai,Meichen Lu,Haitao Bao,Yang You",,
,"Giyeong Oh,Seajin Kim,Woohyun Cho,Sangkyu Lee,Jiwan Chung,Dokyung Song,Youngjae Yu",,
,"Zijin Qiu,Jiepeng Liu,Yi Xia,Hongtuo Qi,Pengkun Liu",,
,"Chuo Jun Zhang,Asif Q. Gill,Bo Liu,Memoona J. Anwar",,
,Vikram Kulothungan,,
,"Aditi Singh,Abul Ehtesham,Saket Kumar,Tala Talaei Khoei",,
,"Philippe Hansen-Estruch,David Yan,Ching-Yao Chung,Orr Zohar,Jialiang Wang,Tingbo Hou,Tao Xu,Sriram Vishwanath,Peter Vajda,Xinlei Chen",,
,"Jamal Toutouh,Enrique Alba",,
,"Qingyun Li,Yushi Chen,Xinya Shu,Dong Chen,Xin He,Yi Yu,Xue Yang",,
,"Tianyu Wang,Nianjun Zhou,Zhixiong Chen",,
,"Hongbo Zhao,Fei Zhu,Bolin Ni,Feng Zhu,Gaofeng Meng,Zhaoxiang Zhang",,
,"Ali Derakhshesh,Zahra Dehghanian,Reza Ebrahimpour,Hamid R. Rabiee",,
,"Christoph Stein,Michael Färber",,
,"Tobin South,Samuele Marro,Thomas Hardjono,Robert Mahari,Cedric Deslandes Whitney,Dazza Greenwood,Alan Chan,Alex Pentland",,
,"Alexis Roger,Prateek Humane,Daniel Z. Kaplan,Kshitij Gupta,Qi Sun,George Adamopoulos,Jonathan Siu Chi Lim,Quentin Anthony,Edwin Fennell,Irina Rish",,
,"Jonathan Katzy,Razvan Mihai Popescu,Arie van Deursen,Maliheh Izadi",,
,"Chaoqi Wang,Zhuokai Zhao,Yibo Jiang,Zhaorun Chen,Chen Zhu,Yuxin Chen,Jiayi Liu,Lizhu Zhang,Xiangjun Fan,Hao Ma,Sinong Wang",,
,"Donghuo Zeng,Kazushi Ikeda",,
,"Sergey Legtchenko,Ioan Stefanovici,Richard Black,Antony Rowstron,Junyi Liu,Paolo Costa,Burcu Canakci,Dushyanth Narayanan,Xingbo Wu",,
,"Nathan Vaska,Justin Goodwin,Robin Walters,Rajmonda S. Caceres",,
,"Simone Macciò,Alessandro Carfì,Alessio Capitanelli,Peppino Tropea,Massimo Corbo,Fulvio Mastrogiovanni,Michela Picardi",,
,"Lucas Laird,Circe Hsu,Asilata Bapat,Robin Walters",,
,"Tingxuan Chen,Kun Yuan,Vinkle Srivastav,Nassir Navab,Nicolas Padoy",,
,"Hanrong Zhang,Yifei Yao,Zixuan Wang,Jiayuan Su,Mengxuan Li,Peng Peng,Hongwei Wang",,
,"Jan Skvrna,Lukas Neumann",,
,"Berk Kıvılcım,Patrick Erik Bradley",,
,"Jianrui Shi,Yong Zhao,Zeyang Cui,Xiaoming Shen,Minhang Zeng,Xiaojie Liu",,
,"King-kui Sin,Xi Xuan,Chunyu Kit,Clara Ho-yan Chan,Honic Ho-kin Ip",,
,"Benjamin Patrick Evans,Sihan Zeng,Sumitra Ganesh,Leo Ardon",,
,"Kapil Kashyap,Mehak Garg,Sean Fargose,Sindhu Nair",,
,"Lyudong Jin,Yanning Zhang,Yanhan Li,Shurong Wang,Howard H. Yang,Jian Wu,Meng Zhang",,
,Hwijae Son,,
,"Minh K. Quan,Mayuri Wijayasundara,Sujeeva Setunge,Pubudu N. Pathirana",,
,"Berke Ugurlu,Ming-Yi Hong,Che Lin",,
,"Michael J. Zellinger,Matt Thomson",,
,"Arpita Chowdhury,Dipanjyoti Paul,Zheda Mai,Jianyang Gu,Ziheng Zhang,Kazi Sajeed Mehrab,Elizabeth G. Campolongo,Daniel Rubenstein,Charles V. Stewart,Anuj Karpatne,Tanya Berger-Wolf,Yu Su,Wei-Lun Chao",,
